<?xml version="1.0" encoding="UTF-8"?>
<metadata xml:lang="en"><Esri><CreaDate>20210902</CreaDate><CreaTime>15160800</CreaTime><ArcGISFormat>1.0</ArcGISFormat><SyncOnce>FALSE</SyncOnce><DataProperties><lineage><Process ToolSource="c:\program files\arcgis\pro\Resources\ArcToolbox\toolboxes\Data Management Tools.tbx\CreateFeatureclass" Date="20210902" Time="151608">CreateFeatureclass E:\GitHub\UDOT-Segment-Factors\results\layers Master_Segs_with_Factors_20210902.shp Polyline # No No "PROJCS["NAD_1983_UTM_Zone_12N",GEOGCS["GCS_North_American_1983",DATUM["D_North_American_1983",SPHEROID["GRS_1980",6378137.0,298.257222101]],PRIMEM["Greenwich",0.0],UNIT["Degree",0.0174532925199433]],PROJECTION["Transverse_Mercator"],PARAMETER["False_Easting",500000.0],PARAMETER["False_Northing",0.0],PARAMETER["Central_Meridian",-111.0],PARAMETER["Scale_Factor",0.9996],PARAMETER["Latitude_Of_Origin",0.0],UNIT["Meter",1.0]];-5120900 -9998100 10000;-100000 10000;-100000 10000;0.001;0.001;0.001;IsHighPrecision" # 0 0 0 #</Process><Process ToolSource="c:\program files\arcgis\pro\Resources\ArcToolbox\Toolboxes\Data Management Tools.tbx\Rename" Date="20210902" Time="151919">Rename E:\GitHub\UDOT-Segment-Factors\results\layers\Master_Segs_with_Factors_20210902.shp E:\GitHub\UDOT-Segment-Factors\results\layers\Master_Segs_withFactors_20210902.shp ShapeFile</Process><Process ToolSource="c:\program files\arcgis\pro\Resources\ArcToolbox\toolboxes\Conversion Tools.tbx\FeatureClassToFeatureClass" Date="20211109" Time="074310">FeatureClassToFeatureClass Master_Segs_withFactors_20210902 "K:\TDM\0 - ModelDev\1 - Official Release\v8.3.2\WF TDM v8.3.2 - 2021-10-23\1_Inputs\6_Segment" Master_Segs_withFactors_20211109.shp # "Id "Id" true true false 6 Long 0 6,First,#,Master_Segs_withFactors_20210902,Id,-1,-1;SEGID "SEGID" true true false 22 Text 0 0,First,#,Master_Segs_withFactors_20210902,SEGID,0,22;BMP "BMP" true true false 19 Double 0 0,First,#,Master_Segs_withFactors_20210902,BMP,-1,-1;EMP "EMP" true true false 19 Double 0 0,First,#,Master_Segs_withFactors_20210902,EMP,-1,-1;DISTANCE "DISTANCE" true true false 19 Double 0 0,First,#,Master_Segs_withFactors_20210902,DISTANCE,-1,-1;FULLNAME "FULLNAME" true true false 66 Text 0 0,First,#,Master_Segs_withFactors_20210902,FULLNAME,0,66;FNCLASS "FNCLASS" true true false 16 Text 0 0,First,#,Master_Segs_withFactors_20210902,FNCLASS,0,16;FC_CODE "FC_CODE" true true false 10 Long 0 10,First,#,Master_Segs_withFactors_20210902,FC_CODE,-1,-1;FC_GROUP "FC_GROUP" true true false 24 Text 0 0,First,#,Master_Segs_withFactors_20210902,FC_GROUP,0,24;FC_NAME "FC_NAME" true true false 66 Text 0 0,First,#,Master_Segs_withFactors_20210902,FC_NAME,0,66;CO_FIPS "CO_FIPS" true true false 10 Long 0 10,First,#,Master_Segs_withFactors_20210902,CO_FIPS,-1,-1;CO_NAME "CO_NAME" true true false 20 Text 0 0,First,#,Master_Segs_withFactors_20210902,CO_NAME,0,20;PLANAREA "PLANAREA" true true false 10 Text 0 0,First,#,Master_Segs_withFactors_20210902,PLANAREA,0,10;X "X" true true false 19 Double 0 0,First,#,Master_Segs_withFactors_20210902,X,-1,-1;Y "Y" true true false 19 Double 0 0,First,#,Master_Segs_withFactors_20210902,Y,-1,-1;ONLRS "ONLRS" true true false 6 Text 0 0,First,#,Master_Segs_withFactors_20210902,ONLRS,0,6;T_MODEL "T_MODEL" true true false 6 Text 0 0,First,#,Master_Segs_withFactors_20210902,T_MODEL,0,6;USE "USE" true true false 10 Long 0 10,First,#,Master_Segs_withFactors_20210902,USE,-1,-1;RT_NUM "RT_NUM" true true false 10 Long 0 10,First,#,Master_Segs_withFactors_20210902,RT_NUM,-1,-1;AADT2019 "AADT2019" true true false 19 Double 0 0,First,#,Master_Segs_withFactors_20210902,AADT2019,-1,-1;AADT2018 "AADT2018" true true false 19 Double 0 0,First,#,Master_Segs_withFactors_20210902,AADT2018,-1,-1;AADT2017 "AADT2017" true true false 19 Double 0 0,First,#,Master_Segs_withFactors_20210902,AADT2017,-1,-1;AADT2016 "AADT2016" true true false 19 Double 0 0,First,#,Master_Segs_withFactors_20210902,AADT2016,-1,-1;AADT2015 "AADT2015" true true false 19 Double 0 0,First,#,Master_Segs_withFactors_20210902,AADT2015,-1,-1;AADT2014 "AADT2014" true true false 19 Double 0 0,First,#,Master_Segs_withFactors_20210902,AADT2014,-1,-1;AADT2013 "AADT2013" true true false 19 Double 0 0,First,#,Master_Segs_withFactors_20210902,AADT2013,-1,-1;AADT2012 "AADT2012" true true false 19 Double 0 0,First,#,Master_Segs_withFactors_20210902,AADT2012,-1,-1;AADT2011 "AADT2011" true true false 19 Double 0 0,First,#,Master_Segs_withFactors_20210902,AADT2011,-1,-1;AADT2010 "AADT2010" true true false 19 Double 0 0,First,#,Master_Segs_withFactors_20210902,AADT2010,-1,-1;AADT2009 "AADT2009" true true false 19 Double 0 0,First,#,Master_Segs_withFactors_20210902,AADT2009,-1,-1;AADT2008 "AADT2008" true true false 19 Double 0 0,First,#,Master_Segs_withFactors_20210902,AADT2008,-1,-1;AADT2007 "AADT2007" true true false 19 Double 0 0,First,#,Master_Segs_withFactors_20210902,AADT2007,-1,-1;AADT2006 "AADT2006" true true false 19 Double 0 0,First,#,Master_Segs_withFactors_20210902,AADT2006,-1,-1;AADT2005 "AADT2005" true true false 19 Double 0 0,First,#,Master_Segs_withFactors_20210902,AADT2005,-1,-1;AADT2004 "AADT2004" true true false 19 Double 0 0,First,#,Master_Segs_withFactors_20210902,AADT2004,-1,-1;AADT2003 "AADT2003" true true false 19 Double 0 0,First,#,Master_Segs_withFactors_20210902,AADT2003,-1,-1;AADT2002 "AADT2002" true true false 19 Double 0 0,First,#,Master_Segs_withFactors_20210902,AADT2002,-1,-1;AADT2001 "AADT2001" true true false 19 Double 0 0,First,#,Master_Segs_withFactors_20210902,AADT2001,-1,-1;AADT2000 "AADT2000" true true false 19 Double 0 0,First,#,Master_Segs_withFactors_20210902,AADT2000,-1,-1;AADT1999 "AADT1999" true true false 19 Double 0 0,First,#,Master_Segs_withFactors_20210902,AADT1999,-1,-1;AADT1998 "AADT1998" true true false 19 Double 0 0,First,#,Master_Segs_withFactors_20210902,AADT1998,-1,-1;AADT1997 "AADT1997" true true false 19 Double 0 0,First,#,Master_Segs_withFactors_20210902,AADT1997,-1,-1;AADT1996 "AADT1996" true true false 19 Double 0 0,First,#,Master_Segs_withFactors_20210902,AADT1996,-1,-1;AADT1994 "AADT1994" true true false 19 Double 0 0,First,#,Master_Segs_withFactors_20210902,AADT1994,-1,-1;AADT1993 "AADT1993" true true false 19 Double 0 0,First,#,Master_Segs_withFactors_20210902,AADT1993,-1,-1;AADT1992 "AADT1992" true true false 19 Double 0 0,First,#,Master_Segs_withFactors_20210902,AADT1992,-1,-1;AADT1991 "AADT1991" true true false 19 Double 0 0,First,#,Master_Segs_withFactors_20210902,AADT1991,-1,-1;AADT1990 "AADT1990" true true false 19 Double 0 0,First,#,Master_Segs_withFactors_20210902,AADT1990,-1,-1;AADT1989 "AADT1989" true true false 19 Double 0 0,First,#,Master_Segs_withFactors_20210902,AADT1989,-1,-1;AADT1988 "AADT1988" true true false 19 Double 0 0,First,#,Master_Segs_withFactors_20210902,AADT1988,-1,-1;AADT1987 "AADT1987" true true false 19 Double 0 0,First,#,Master_Segs_withFactors_20210902,AADT1987,-1,-1;AADT1986 "AADT1986" true true false 19 Double 0 0,First,#,Master_Segs_withFactors_20210902,AADT1986,-1,-1;AADT1985 "AADT1985" true true false 19 Double 0 0,First,#,Master_Segs_withFactors_20210902,AADT1985,-1,-1;AADT1984 "AADT1984" true true false 19 Double 0 0,First,#,Master_Segs_withFactors_20210902,AADT1984,-1,-1;AADT1983 "AADT1983" true true false 19 Double 0 0,First,#,Master_Segs_withFactors_20210902,AADT1983,-1,-1;AADT1982 "AADT1982" true true false 19 Double 0 0,First,#,Master_Segs_withFactors_20210902,AADT1982,-1,-1;AADT1981 "AADT1981" true true false 19 Double 0 0,First,#,Master_Segs_withFactors_20210902,AADT1981,-1,-1;CCSGROUP "CCSGROUP" true true false 6 Text 0 0,First,#,Master_Segs_withFactors_20210902,CCSGROUP,0,6;FAC_MON "FAC_MON" true true false 19 Double 0 0,First,#,Master_Segs_withFactors_20210902,FAC_MON,-1,-1;FAC_TUE "FAC_TUE" true true false 19 Double 0 0,First,#,Master_Segs_withFactors_20210902,FAC_TUE,-1,-1;FAC_WED "FAC_WED" true true false 19 Double 0 0,First,#,Master_Segs_withFactors_20210902,FAC_WED,-1,-1;FAC_THU "FAC_THU" true true false 19 Double 0 0,First,#,Master_Segs_withFactors_20210902,FAC_THU,-1,-1;FAC_FRI "FAC_FRI" true true false 19 Double 0 0,First,#,Master_Segs_withFactors_20210902,FAC_FRI,-1,-1;FAC_SAT "FAC_SAT" true true false 19 Double 0 0,First,#,Master_Segs_withFactors_20210902,FAC_SAT,-1,-1;FAC_SUN "FAC_SUN" true true false 19 Double 0 0,First,#,Master_Segs_withFactors_20210902,FAC_SUN,-1,-1;FAC_WDAVG "FAC_WDAVG" true true false 19 Double 0 0,First,#,Master_Segs_withFactors_20210902,FAC_WDAVG,-1,-1;FAC_WEAVG "FAC_WEAVG" true true false 19 Double 0 0,First,#,Master_Segs_withFactors_20210902,FAC_WEAVG,-1,-1;FAC_WEMAX "FAC_WEMAX" true true false 19 Double 0 0,First,#,Master_Segs_withFactors_20210902,FAC_WEMAX,-1,-1;FAC_JAN "FAC_JAN" true true false 19 Double 0 0,First,#,Master_Segs_withFactors_20210902,FAC_JAN,-1,-1;FAC_FEB "FAC_FEB" true true false 19 Double 0 0,First,#,Master_Segs_withFactors_20210902,FAC_FEB,-1,-1;FAC_MAR "FAC_MAR" true true false 19 Double 0 0,First,#,Master_Segs_withFactors_20210902,FAC_MAR,-1,-1;FAC_APR "FAC_APR" true true false 19 Double 0 0,First,#,Master_Segs_withFactors_20210902,FAC_APR,-1,-1;FAC_MAY "FAC_MAY" true true false 19 Double 0 0,First,#,Master_Segs_withFactors_20210902,FAC_MAY,-1,-1;FAC_JUN "FAC_JUN" true true false 19 Double 0 0,First,#,Master_Segs_withFactors_20210902,FAC_JUN,-1,-1;FAC_JUL "FAC_JUL" true true false 19 Double 0 0,First,#,Master_Segs_withFactors_20210902,FAC_JUL,-1,-1;FAC_AUG "FAC_AUG" true true false 19 Double 0 0,First,#,Master_Segs_withFactors_20210902,FAC_AUG,-1,-1;FAC_SEP "FAC_SEP" true true false 19 Double 0 0,First,#,Master_Segs_withFactors_20210902,FAC_SEP,-1,-1;FAC_OCT "FAC_OCT" true true false 19 Double 0 0,First,#,Master_Segs_withFactors_20210902,FAC_OCT,-1,-1;FAC_NOV "FAC_NOV" true true false 19 Double 0 0,First,#,Master_Segs_withFactors_20210902,FAC_NOV,-1,-1;FAC_DEC "FAC_DEC" true true false 19 Double 0 0,First,#,Master_Segs_withFactors_20210902,FAC_DEC,-1,-1;FAC_WIN "FAC_WIN" true true false 19 Double 0 0,First,#,Master_Segs_withFactors_20210902,FAC_WIN,-1,-1;FAC_SPR "FAC_SPR" true true false 19 Double 0 0,First,#,Master_Segs_withFactors_20210902,FAC_SPR,-1,-1;FAC_SUM "FAC_SUM" true true false 19 Double 0 0,First,#,Master_Segs_withFactors_20210902,FAC_SUM,-1,-1;FAC_FAL "FAC_FAL" true true false 19 Double 0 0,First,#,Master_Segs_withFactors_20210902,FAC_FAL,-1,-1;FAC_MAXMO "FAC_MAXMO" true true false 10 Long 0 10,First,#,Master_Segs_withFactors_20210902,FAC_MAXMO,-1,-1;FAC_MAX "FAC_MAX" true true false 19 Double 0 0,First,#,Master_Segs_withFactors_20210902,FAC_MAX,-1,-1;FACMANADJ "FACMANADJ" true true false 10 Long 0 10,First,#,Master_Segs_withFactors_20210902,FACMANADJ,-1,-1;SUTRUCKS "SUTRUCKS" true true false 19 Double 0 0,First,#,Master_Segs_withFactors_20210902,SUTRUCKS,-1,-1;CUTRUCKS "CUTRUCKS" true true false 19 Double 0 0,First,#,Master_Segs_withFactors_20210902,CUTRUCKS,-1,-1" #</Process><Process ToolSource="c:\program files\arcgis\pro\Resources\ArcToolbox\toolboxes\Conversion Tools.tbx\FeatureClassToFeatureClass" Date="20220205" Time="134511">FeatureClassToFeatureClass Master_Segs_withFactors_20211117 E:\WebAppBuilderForArcGIS_v2.20\server\apps\8\widgets\tttScenarioManager\data\segmentshapefile wfsegs20211117.shp # "SEGID "SEGID" true true false 22 Text 0 0,First,#,Master_Segs_withFactors_20211117,SEGID,0,22" #</Process><Process ToolSource="c:\program files\arcgis\pro\Resources\ArcToolbox\toolboxes\Conversion Tools.tbx\FeatureClassToFeatureClass" Date="20220209" Time="054324">FeatureClassToFeatureClass wfsegs20211117 E:\WebAppBuilderForArcGIS_v2.20\server\apps\8\widgets\tttScenarioManager\data\segmentshapefile wfsegs20211117_stateroutes.shp # "SEGID "SEGID" true true false 22 Text 0 0,First,#,wfsegs20211117,SEGID,0,22" #</Process></lineage><itemProps><itemName Sync="TRUE">wfsegs20211117_stateroutes</itemName><imsContentType Sync="TRUE">002</imsContentType><itemSize Sync="TRUE">0.000</itemSize><itemLocation><linkage Sync="TRUE">file://\\I7-088629\E$\WebAppBuilderForArcGIS_v2.20\server\apps\8\widgets\tttScenarioManager\data\segmentshapefile\wfsegs20211117_stateroutes.shp</linkage><protocol Sync="TRUE">Local Area Network</protocol></itemLocation></itemProps><coordRef><type Sync="TRUE">Projected</type><geogcsn Sync="TRUE">GCS_North_American_1983</geogcsn><csUnits Sync="TRUE">Linear Unit: Meter (1.000000)</csUnits><projcsn Sync="TRUE">NAD_1983_UTM_Zone_12N</projcsn><peXml Sync="TRUE">&lt;ProjectedCoordinateSystem xsi:type='typens:ProjectedCoordinateSystem' xmlns:xsi='http://www.w3.org/2001/XMLSchema-instance' xmlns:xs='http://www.w3.org/2001/XMLSchema' xmlns:typens='http://www.esri.com/schemas/ArcGIS/2.8.0'&gt;&lt;WKT&gt;PROJCS[&amp;quot;NAD_1983_UTM_Zone_12N&amp;quot;,GEOGCS[&amp;quot;GCS_North_American_1983&amp;quot;,DATUM[&amp;quot;D_North_American_1983&amp;quot;,SPHEROID[&amp;quot;GRS_1980&amp;quot;,6378137.0,298.257222101]],PRIMEM[&amp;quot;Greenwich&amp;quot;,0.0],UNIT[&amp;quot;Degree&amp;quot;,0.0174532925199433]],PROJECTION[&amp;quot;Transverse_Mercator&amp;quot;],PARAMETER[&amp;quot;False_Easting&amp;quot;,500000.0],PARAMETER[&amp;quot;False_Northing&amp;quot;,0.0],PARAMETER[&amp;quot;Central_Meridian&amp;quot;,-111.0],PARAMETER[&amp;quot;Scale_Factor&amp;quot;,0.9996],PARAMETER[&amp;quot;Latitude_Of_Origin&amp;quot;,0.0],UNIT[&amp;quot;Meter&amp;quot;,1.0],AUTHORITY[&amp;quot;EPSG&amp;quot;,26912]]&lt;/WKT&gt;&lt;XOrigin&gt;-5120900&lt;/XOrigin&gt;&lt;YOrigin&gt;-9998100&lt;/YOrigin&gt;&lt;XYScale&gt;450445547.3910538&lt;/XYScale&gt;&lt;ZOrigin&gt;-100000&lt;/ZOrigin&gt;&lt;ZScale&gt;10000&lt;/ZScale&gt;&lt;MOrigin&gt;-100000&lt;/MOrigin&gt;&lt;MScale&gt;10000&lt;/MScale&gt;&lt;XYTolerance&gt;0.001&lt;/XYTolerance&gt;&lt;ZTolerance&gt;0.001&lt;/ZTolerance&gt;&lt;MTolerance&gt;0.001&lt;/MTolerance&gt;&lt;HighPrecision&gt;true&lt;/HighPrecision&gt;&lt;WKID&gt;26912&lt;/WKID&gt;&lt;LatestWKID&gt;26912&lt;/LatestWKID&gt;&lt;/ProjectedCoordinateSystem&gt;</peXml></coordRef></DataProperties><SyncDate>20220209</SyncDate><SyncTime>05432400</SyncTime><ModDate>20220209</ModDate><ModTime>05432400</ModTime></Esri><dataIdInfo><envirDesc Sync="TRUE">Microsoft Windows 10 Version 10.0 (Build 19043) ; Esri ArcGIS 12.8.0.29751</envirDesc><dataLang><languageCode value="eng" Sync="TRUE"></languageCode><countryCode value="USA" Sync="TRUE"></countryCode></dataLang><idCitation><resTitle Sync="TRUE">wfsegs20211117_stateroutes</resTitle><presForm><PresFormCd value="005" Sync="TRUE"></PresFormCd></presForm></idCitation><spatRpType><SpatRepTypCd value="001" Sync="TRUE"></SpatRepTypCd></spatRpType></dataIdInfo><mdLang><languageCode value="eng" Sync="TRUE"></languageCode><countryCode value="USA" Sync="TRUE"></countryCode></mdLang><mdChar><CharSetCd value="004" Sync="TRUE"></CharSetCd></mdChar><distInfo><distFormat><formatName Sync="TRUE">Shapefile</formatName></distFormat><distTranOps><transSize Sync="TRUE">0.000</transSize></distTranOps></distInfo><mdHrLv><ScopeCd value="005" Sync="TRUE"></ScopeCd></mdHrLv><mdHrLvName Sync="TRUE">dataset</mdHrLvName><refSysInfo><RefSystem><refSysID><identCode code="26912" Sync="TRUE"></identCode><idCodeSpace Sync="TRUE">EPSG</idCodeSpace><idVersion Sync="TRUE">6.11(3.0.1)</idVersion></refSysID></RefSystem></refSysInfo><spatRepInfo><VectSpatRep><geometObjs Name="wfsegs20211117_stateroutes"><geoObjTyp><GeoObjTypCd value="002" Sync="TRUE"></GeoObjTypCd></geoObjTyp><geoObjCnt Sync="TRUE">0</geoObjCnt></geometObjs><topLvl><TopoLevCd value="001" Sync="TRUE"></TopoLevCd></topLvl></VectSpatRep></spatRepInfo><spdoinfo><ptvctinf><esriterm Name="wfsegs20211117_stateroutes"><efeatyp Sync="TRUE">Simple</efeatyp><efeageom code="3" Sync="TRUE"></efeageom><esritopo Sync="TRUE">FALSE</esritopo><efeacnt Sync="TRUE">0</efeacnt><spindex Sync="TRUE">FALSE</spindex><linrefer Sync="TRUE">FALSE</linrefer></esriterm></ptvctinf></spdoinfo><eainfo><detailed Name="wfsegs20211117_stateroutes"><enttyp><enttypl Sync="TRUE">wfsegs20211117_stateroutes</enttypl><enttypt Sync="TRUE">Feature Class</enttypt><enttypc Sync="TRUE">0</enttypc></enttyp><attr><attrlabl Sync="TRUE">FID</attrlabl><attalias Sync="TRUE">FID</attalias><attrtype Sync="TRUE">OID</attrtype><attwidth Sync="TRUE">4</attwidth><atprecis Sync="TRUE">0</atprecis><attscale Sync="TRUE">0</attscale><attrdef Sync="TRUE">Internal feature number.</attrdef><attrdefs Sync="TRUE">Esri</attrdefs><attrdomv><udom Sync="TRUE">Sequential unique whole numbers that are automatically generated.</udom></attrdomv></attr><attr><attrlabl Sync="TRUE">Shape</attrlabl><attalias Sync="TRUE">Shape</attalias><attrtype Sync="TRUE">Geometry</attrtype><attwidth Sync="TRUE">0</attwidth><atprecis Sync="TRUE">0</atprecis><attscale Sync="TRUE">0</attscale><attrdef Sync="TRUE">Feature geometry.</attrdef><attrdefs Sync="TRUE">Esri</attrdefs><attrdomv><udom Sync="TRUE">Coordinates defining the features.</udom></attrdomv></attr><attr><attrlabl Sync="TRUE">SEGID</attrlabl><attalias Sync="TRUE">SEGID</attalias><attrtype Sync="TRUE">String</attrtype><attwidth Sync="TRUE">22</attwidth><atprecis Sync="TRUE">0</atprecis><attscale Sync="TRUE">0</attscale></attr></detailed></eainfo><mdDateSt Sync="TRUE">20220209</mdDateSt></metadata>
