<?xml version="1.0" encoding="UTF-8"?>
<metadata xml:lang="en"><Esri><CreaDate>20220205</CreaDate><CreaTime>09233700</CreaTime><ArcGISFormat>1.0</ArcGISFormat><SyncOnce>TRUE</SyncOnce><DataProperties><lineage><Process ToolSource="c:\program files\arcgis\pro\Resources\ArcToolbox\Toolboxes\Data Management Tools.tbx\UpdateSchema" Date="20220205" Time="092337">UpdateSchema "CIMDATA=&lt;CIMStandardDataConnection xsi:type='typens:CIMStandardDataConnection' xmlns:xsi='http://www.w3.org/2001/XMLSchema-instance' xmlns:xs='http://www.w3.org/2001/XMLSchema' xmlns:typens='http://www.esri.com/schemas/ArcGIS/2.8.0'&gt;&lt;WorkspaceConnectionString&gt;DATABASE=E:\WebAppBuilderForArcGIS_v2.20\server\apps\8\widgets\tttScenarioManager\data\mastershapefiles&lt;/WorkspaceConnectionString&gt;&lt;WorkspaceFactory&gt;Shapefile&lt;/WorkspaceFactory&gt;&lt;Dataset&gt;Master_2021-11-15.shp&lt;/Dataset&gt;&lt;DatasetType&gt;esriDTFeatureClass&lt;/DatasetType&gt;&lt;/CIMStandardDataConnection&gt;" &lt;operationSequence&gt;&lt;workflow&gt;&lt;DeleteField&gt;&lt;field_name&gt;A&lt;/field_name&gt;&lt;field_name&gt;B&lt;/field_name&gt;&lt;field_name&gt;DISTANCE&lt;/field_name&gt;&lt;field_name&gt;STREET&lt;/field_name&gt;&lt;field_name&gt;ONEWAY&lt;/field_name&gt;&lt;field_name&gt;DIRECTION&lt;/field_name&gt;&lt;field_name&gt;TAZID&lt;/field_name&gt;&lt;field_name&gt;SEGID&lt;/field_name&gt;&lt;field_name&gt;DISTEXCEPT&lt;/field_name&gt;&lt;field_name&gt;HOTZN&lt;/field_name&gt;&lt;field_name&gt;TRKRST2015&lt;/field_name&gt;&lt;field_name&gt;TRKRST2023&lt;/field_name&gt;&lt;field_name&gt;LN_2015&lt;/field_name&gt;&lt;field_name&gt;LN_2021&lt;/field_name&gt;&lt;field_name&gt;LN_2024&lt;/field_name&gt;&lt;field_name&gt;LN19_30&lt;/field_name&gt;&lt;field_name&gt;LN19_40&lt;/field_name&gt;&lt;field_name&gt;LN19_50&lt;/field_name&gt;&lt;field_name&gt;LN19_30UF&lt;/field_name&gt;&lt;field_name&gt;LN19_40UF&lt;/field_name&gt;&lt;field_name&gt;LN19_50UF&lt;/field_name&gt;&lt;field_name&gt;LN19_50NNR&lt;/field_name&gt;&lt;field_name&gt;FT_2015&lt;/field_name&gt;&lt;field_name&gt;FT_2021&lt;/field_name&gt;&lt;field_name&gt;FT_2024&lt;/field_name&gt;&lt;field_name&gt;FT19_30&lt;/field_name&gt;&lt;field_name&gt;FT19_40&lt;/field_name&gt;&lt;field_name&gt;FT19_50&lt;/field_name&gt;&lt;field_name&gt;FT19_30UF&lt;/field_name&gt;&lt;field_name&gt;FT19_40UF&lt;/field_name&gt;&lt;field_name&gt;FT19_50UF&lt;/field_name&gt;&lt;field_name&gt;FT19_50NNR&lt;/field_name&gt;&lt;field_name&gt;TSPD_2015&lt;/field_name&gt;&lt;field_name&gt;TSPD_2019&lt;/field_name&gt;&lt;field_name&gt;TSPD_2021&lt;/field_name&gt;&lt;field_name&gt;TSPD_2024&lt;/field_name&gt;&lt;field_name&gt;TSPD19_30&lt;/field_name&gt;&lt;field_name&gt;TSPD19_40&lt;/field_name&gt;&lt;field_name&gt;TSPD19_50&lt;/field_name&gt;&lt;field_name&gt;HOT_2015&lt;/field_name&gt;&lt;field_name&gt;HOT_2019&lt;/field_name&gt;&lt;field_name&gt;HOT_2021&lt;/field_name&gt;&lt;field_name&gt;HOT_2024&lt;/field_name&gt;&lt;field_name&gt;HOT19_30&lt;/field_name&gt;&lt;field_name&gt;HOT19_40&lt;/field_name&gt;&lt;field_name&gt;HOT19_50&lt;/field_name&gt;&lt;field_name&gt;REL_2015&lt;/field_name&gt;&lt;field_name&gt;REL_2019&lt;/field_name&gt;&lt;field_name&gt;REL_2021&lt;/field_name&gt;&lt;field_name&gt;REL_2024&lt;/field_name&gt;&lt;field_name&gt;REL19_30&lt;/field_name&gt;&lt;field_name&gt;REL19_40&lt;/field_name&gt;&lt;field_name&gt;REL19_50&lt;/field_name&gt;&lt;field_name&gt;SFAC_BASE&lt;/field_name&gt;&lt;field_name&gt;SFAC_FUT&lt;/field_name&gt;&lt;field_name&gt;CFAC_BASE&lt;/field_name&gt;&lt;field_name&gt;CFAC_FUT&lt;/field_name&gt;&lt;field_name&gt;SEL_LINK&lt;/field_name&gt;&lt;field_name&gt;SCRN_LRG&lt;/field_name&gt;&lt;field_name&gt;SCRN_SML&lt;/field_name&gt;&lt;field_name&gt;OP_2019&lt;/field_name&gt;&lt;field_name&gt;OP_2021&lt;/field_name&gt;&lt;field_name&gt;OP_2024&lt;/field_name&gt;&lt;field_name&gt;OP19_30&lt;/field_name&gt;&lt;field_name&gt;OP19_40&lt;/field_name&gt;&lt;field_name&gt;OP19_50&lt;/field_name&gt;&lt;field_name&gt;OP19_30UF&lt;/field_name&gt;&lt;field_name&gt;OP19_40UF&lt;/field_name&gt;&lt;field_name&gt;OP19_50UF&lt;/field_name&gt;&lt;field_name&gt;OP19_50NNR&lt;/field_name&gt;&lt;field_name&gt;GIS19_30&lt;/field_name&gt;&lt;field_name&gt;GIS19_40&lt;/field_name&gt;&lt;field_name&gt;GIS19_50&lt;/field_name&gt;&lt;field_name&gt;FC_ID&lt;/field_name&gt;&lt;field_name&gt;SA_ID&lt;/field_name&gt;&lt;field_name&gt;TSPD_AVE&lt;/field_name&gt;&lt;field_name&gt;TRNSPD_PTC&lt;/field_name&gt;&lt;field_name&gt;TRNSPD_MIS&lt;/field_name&gt;&lt;field_name&gt;TRNSPD_MED&lt;/field_name&gt;&lt;field_name&gt;TRNSPD_HIG&lt;/field_name&gt;&lt;field_name&gt;TRNSPD_HII&lt;/field_name&gt;&lt;field_name&gt;EXTERNAL&lt;/field_name&gt;&lt;field_name&gt;MAG_LINK&lt;/field_name&gt;&lt;field_name&gt;WFRC_LINK&lt;/field_name&gt;&lt;field_name&gt;TSPD19_30U&lt;/field_name&gt;&lt;field_name&gt;TSPD19_40U&lt;/field_name&gt;&lt;field_name&gt;TSPD19_50U&lt;/field_name&gt;&lt;/DeleteField&gt;&lt;/workflow&gt;&lt;/operationSequence&gt;</Process></lineage></DataProperties></Esri></metadata>
